{
    "mean": 114.9569598,
    "std": 51.0982006
}
